rank,player_id,player_name,position,target_team,projected_ppg
1,00-0034857,Josh Allen,QB,BUF,20.061005121349353
2,00-0036389,Jalen Hurts,QB,PHI,17.992167970271428
3,00-0039851,Drake Maye,QB,NE,17.864946778978087
4,00-0040691,Jaxson Dart,QB,NYG,17.544322363047442
5,00-0037834,Brock Purdy,QB,SF,17.172527601977603
6,00-0034796,Lamar Jackson,QB,BAL,17.025036813962636
7,00-0026498,Matthew Stafford,QB,LAR,16.989309929679674
8,00-0036971,Trevor Lawrence,QB,JAX,16.881645658280444
9,00-0033873,Patrick Mahomes,QB,KC,16.869047749850917
10,00-0036355,Justin Herbert,QB,LAC,16.752867101733752
11,00-0039732,Bo Nix,QB,DEN,16.719130381665025
12,00-0039918,Caleb Williams,QB,CHI,16.58816614168039
13,00-0033106,Jared Goff,QB,DET,16.35971818765586
14,00-0033077,Dak Prescott,QB,DAL,16.315328480969487
15,00-0036442,Joe Burrow,QB,CIN,16.083476246336375
16,00-0034855,Baker Mayfield,QB,TB,15.555298106752614
17,00-0039163,C.J. Stroud,QB,HOU,15.496363030113258
18,00-0039910,Jayden Daniels,QB,WAS,15.35219688455935
19,00-0036264,Jordan Love,QB,GB,14.949728852547016
20,00-0026158,Joe Flacco,QB,CIN,14.714541116635171
21,00-0035710,Daniel Jones,QB,IND,14.300683508483441
22,00-0039923,J.J. McCarthy,QB,MIN,14.135106200287044
23,00-0040743,Tyler Shough,QB,NO,14.124519103934388
24,00-0036945,Justin Fields,QB,KC,13.844844792113586
25,00-0036212,Tua Tagovailoa,QB,ATL,13.584661855494826
26,00-0035228,Kyler Murray,QB,MIN,13.523360367814682
27,00-0039150,Bryce Young,QB,CAR,13.222755380197787
28,00-0033119,Jacoby Brissett,QB,ARI,12.985027685125543
29,00-0034869,Sam Darnold,QB,SEA,12.892603816836697
30,00-0040676,Cam Ward,QB,TEN,12.621280255437174
31,00-0030565,Geno Smith,QB,NYJ,12.605382729809856
32,00-0036972,Mac Jones,QB,SF,12.353942423849093
33,00-0023459,Aaron Rodgers,QB,PIT,12.276647397062295
34,00-0029604,Kirk Cousins,QB,LV,12.18868042497938
35,00-0032268,Marcus Mariota,QB,WAS,11.332279596096217
36,00-0038128,Malik Willis,QB,MIA,11.164880429455277
37,00-0039376,Spencer Rattler,QB,NO,10.664693953570474
38,00-0032950,Carson Wentz,QB,MIN,10.383967880459226
39,00-0039917,Michael Penix Jr.,QB,ATL,9.990245262796378
40,00-0031503,Jameis Winston,QB,NYG,9.340365555413014
41,00-0040234,Quinn Ewers,QB,MIA,9.121190941739624
42,00-0026300,Josh Johnson,QB,CIN,7.99397190590669
43,00-0039164,Anthony Richardson,QB,IND,7.975134821717383
44,00-0035289,Gardner Minshew,QB,ARI,7.193574170517946
45,00-0033869,Mitchell Trubisky,QB,TEN,7.118573876936095
46,00-0028118,Tyrod Taylor,QB,GB,7.038035854345894
47,00-0036898,Davis Mills,QB,HOU,6.894847618522178
48,00-0039398,Joe Milton III,QB,DAL,6.871710013101143
49,00-0040206,Riley Leonard,QB,IND,6.784258670287269
50,00-0037013,Zach Wilson,QB,NO,6.672823219128937
51,00-0035993,Tyler Huntley,QB,BAL,6.567852248322641
52,00-0035100,Jake Browning,QB,TB,6.4443055915589555
53,00-0034771,Mason Rudolph,QB,PIT,5.983492880875158
54,00-0038400,Tanner McKee,QB,PHI,5.656852417306703
55,00-0040668,Shedeur Sanders,QB,CLE,5.481935394514428
56,00-0038579,Aidan O'Connell,QB,LV,5.390777248218576
57,00-0040494,Max Brosmer,QB,MIN,5.177109143095537
58,00-0027973,Andy Dalton,QB,PHI,4.854906827893357
59,00-0033319,Nick Mullens,QB,JAX,4.513113449901093
60,00-0038102,Kenny Pickett,QB,CAR,4.199893364647657
61,00-0037012,Trey Lance,QB,LAC,4.189400975464775
62,00-0040704,Dillon Gabriel,QB,CLE,4.098736139028272
63,00-0040398,Brady Cook,QB,NYJ,3.9130710843165843
64,00-0035704,Drew Lock,QB,SEA,3.8512120932516574
65,00-0038416,Tyson Bagent,QB,CHI,3.6970117710542656
66,00-0038658,Adrian Martinez,QB,SF,3.4098855501464786
67,00-0035264,Jarrett Stidham,QB,DEN,3.137220207263553
68,00-0039577,Kedon Slovis,QB,ARI,3.101818110768752
69,00-0037324,Chris Oladokun,QB,KC,2.0862290461280217
70,00-0036679,Shane Buechele,QB,BUF,1.909885886303762
71,00-0031237,Teddy Bridgewater,QB,DET,1.7952280605869593
72,00-0040673,Jalen Milroe,QB,SEA,1.4552839282905534
73,00-0034577,Kyle Allen,QB,BUF,0.7978717126407116
74,00-0032434,Brandon Allen,QB,NYG,-0.8027329899634026
1,00-0039139,Jahmyr Gibbs,RB,DET,18.813127105176207
2,00-0038542,Bijan Robinson,RB,ATL,18.071085632391746
3,00-0036223,Jonathan Taylor,RB,IND,16.03835311794035
4,00-0033280,Christian McCaffrey,RB,SF,15.349022075497052
5,00-0037248,James Cook,RB,BUF,14.287669737108741
6,00-0039040,De'Von Achane,RB,MIA,14.196974235728527
7,00-0032764,Derrick Henry,RB,BAL,13.414981981987154
8,00-0037840,Kyren Williams,RB,LAR,12.955174189116862
9,00-0040122,Ashton Jeanty,RB,LV,12.29023480433574
10,00-0034844,Saquon Barkley,RB,PHI,12.205904774470767
11,00-0035700,Josh Jacobs,RB,GB,11.528649621793864
12,00-0038120,Breece Hall,RB,NYJ,11.413930859329746
13,00-0038134,Kenneth Walker III,RB,KC,10.848557064527482
14,00-0040666,Omarion Hampton,RB,LAC,10.651363077517574
15,00-0038597,Chase Brown,RB,CIN,10.486257752160398
16,00-0040784,Quinshon Judkins,RB,CLE,10.427469358658128
17,00-0036275,D'Andre Swift,RB,CHI,9.84151382664577
18,00-0039361,Bucky Irving,RB,TB,9.720970126695327
19,00-0040715,Cam Skattebo,RB,NYG,9.640871081949484
20,00-0040734,TreVeyon Henderson,RB,NE,9.56669863537304
21,00-0036997,Javonte Williams,RB,DAL,9.459336419067926
22,00-0036158,J.K. Dobbins,RB,DEN,9.282925036533406
23,00-0036555,Chuba Hubbard,RB,CAR,8.510813332756502
24,00-0036973,Travis Etienne,RB,NO,8.440003569463164
25,00-0037228,Jaylen Warren,RB,PIT,8.287004789977233
26,00-0035261,Tony Pollard,RB,TEN,8.219852139779379
27,00-0036875,Rhamondre Stevenson,RB,NE,8.055424754106458
28,00-0036139,Rico Dowdle,RB,PIT,7.729571410599192
29,00-0039165,Zach Charbonnet,RB,SEA,7.667045891508648
30,00-0035685,David Montgomery,RB,HOU,7.659496648730822
31,00-0040242,Jacory Croskey-Merritt,RB,WAS,7.553233047099868
32,00-0040236,Kyle Monangai,RB,CHI,7.547341897808227
33,00-0040730,RJ Harvey,RB,DEN,7.385210107657382
34,00-0033293,Aaron Jones,RB,MIN,7.103138067467935
35,00-0037525,Jordan Mason,RB,MIN,7.060702262604117
36,00-0039384,Tyrone Tracy Jr.,RB,NYG,6.611973462508536
37,00-0040583,Woody Marks,RB,HOU,6.608130443174748
38,00-0037256,Rachaad White,RB,WAS,6.492122601115855
39,00-0039738,Blake Corum,RB,LAR,6.259739694788291
40,00-0039391,Kimani Vidal,RB,LAC,6.186539935601426
41,00-0040719,Bhayshul Tuten,RB,JAX,5.624779580813036
42,00-0033553,James Conner,RB,ARI,5.570613016503395
43,00-0039373,Audric Estimé,RB,NO,5.5460566138118
44,00-0033906,Alvin Kamara,RB,NO,5.528743824736375
45,00-0039032,Tyjae Spears,RB,TEN,5.475704564365296
46,00-0040162,Dylan Sampson,RB,CLE,5.352583152603116
47,00-0039921,Trey Benson,RB,ARI,5.351652944904755
48,00-0038611,Chris Rodriguez Jr.,RB,JAX,5.33450142086898
49,00-0036919,Kenneth Gainwell,RB,TB,5.223927754742999
50,00-0038555,Tank Bigsby,RB,PHI,5.148183703205145
51,00-0037263,Tyler Allgeier,RB,ARI,5.120704684022004
52,00-0040021,Phil Mafah,RB,DAL,5.029127637167533
53,00-0037197,Isiah Pacheco,RB,DET,4.97686611659934
54,00-0039874,Jaylen Wright,RB,MIA,4.8113661733460305
55,00-0039405,Jawhar Jordan,RB,HOU,4.657593697381072
56,00-0039794,Braelon Allen,RB,NYJ,4.469264213497858
57,00-0039798,Isaiah Davis,RB,NYJ,4.468348009406206
58,00-0037746,Brian Robinson,RB,ATL,4.380700439071654
59,00-0040644,Trevor Etienne,RB,CAR,4.369853363679642
60,00-0040466,Raheim Sanders,RB,CLE,4.30108657649802
61,00-0038454,Keaton Mitchell,RB,LAC,4.2315238320578
62,00-0035250,Devin Singletary,RB,NYG,4.184092815506135
63,00-0037157,Bam Knight,RB,ARI,4.162487744353237
64,00-0040202,Devin Neal,RB,NO,4.158279338966688
65,00-0036924,Michael Carter,RB,TEN,4.107321007346277
66,00-0040078,Brashard Smith,RB,KC,4.081912024950862
67,00-0040198,Ollie Gordon II,RB,MIA,3.9924955644134266
68,00-0038951,Sean Tucker,RB,TB,3.9705014886749472
69,00-0034975,Justice Hill,RB,BAL,3.9233700309453097
70,00-0038705,Emari Demercado,RB,KC,3.8676089311454316
71,00-0038551,Kendre Miller,RB,NO,3.8617820727833
72,00-0039875,Ray Davis,RB,BUF,3.8378444124537134
73,00-0038797,Emanuel Wilson,RB,SEA,3.772967390740627
74,00-0040586,Jaydon Blue,RB,DAL,3.771177389616909
75,00-0035537,Ty Johnson,RB,BUF,3.724849852784591
76,00-0038794,Jaleel McLaughlin,RB,DEN,3.6751766538239843
77,00-0040238,LeQuint Allen Jr.,RB,JAX,3.4283495833476003
78,00-0033526,Samaje Perine,RB,CIN,3.4008224595705636
79,00-0040179,DJ Giddens,RB,IND,3.3668884504001375
80,00-0038685,Chris Brooks,RB,GB,3.159115143880165
81,00-0036755,Jaret Patterson,RB,LAC,3.0936576611837516
82,00-0037267,Jerome Ford,RB,WAS,2.9072116155960934
83,00-0040547,Nate Carter,RB,ATL,2.8950884035264686
84,00-0037329,Brittain Brown,RB,CHI,2.866176806335481
85,00-0036265,AJ Dillon,RB,CAR,2.8457031513664983
86,00-0033955,Jeremy McNichols,RB,WAS,2.832897285199471
87,00-0038440,Zavier Scott,RB,MIN,2.7245215425993825
88,00-0039021,Roschon Johnson,RB,CHI,2.6191857602085724
89,00-0040556,Corey Kiner,RB,ARI,2.506186559491697
90,00-0037594,Julius Chestnut,RB,TEN,2.389389239482311
91,00-0037563,Malik Davis,RB,DAL,2.262505062824454
92,00-0039757,Terrell Jennings,RB,NE,2.1615179295799187
93,00-0039746,Will Shipley,RB,PHI,2.1461923122585
94,00-0040142,Kaleb Johnson,RB,PIT,1.998807289252527
95,00-0039363,Isaac Guerendo,RB,SF,1.9040368301627542
96,00-0040067,Jacardia Wright,RB,SEA,1.884138537296069
97,00-0040205,Kalel Mullings,RB,TEN,1.8522337732344223
98,00-0040208,Tahj Brooks,RB,CIN,1.8123936322105756
99,00-0039796,Rasheen Ali,RB,BAL,1.7784202534604798
100,00-0036425,DeeJay Dallas,RB,JAX,1.7368582831783996
101,00-0037557,Ronnie Rivers,RB,LAR,1.6590620317958864
102,00-0036842,Kene Nwangwu,RB,NYJ,1.6371178590178443
103,00-0040039,Amar Johnson,RB,LAC,1.591349634147237
104,00-0037085,Tyler Badie,RB,DEN,1.5888064462558198
105,00-0040649,Robbie Ouzts,RB,SEA,1.4780025785366178
106,00-0037258,Dameon Pierce,RB,PHI,1.4658331823871613
107,00-0039603,British Brooks,RB,HOU,1.4424728215513252
108,00-0039407,Dylan Laube,RB,LV,1.3843914840217186
109,00-0039299,George Holani,RB,SEA,1.3762739868705562
110,00-0038738,Hunter Luepke,RB,DAL,1.3564159152027173
111,00-0038397,Evan Hull,RB,HOU,1.3254020111127076
112,00-0039266,Kendall Milton,RB,CIN,1.2112281141483034
113,00-0039364,Sione Vaki,RB,DET,1.0565938930804801
114,00-0038896,Jacob Saylors,RB,DET,0.9681013291045328
115,00-0040429,Josh Williams,RB,TB,0.8747396645487386
116,00-0037120,Tyler Goodson,RB,ATL,0.856552543408581
117,00-0038409,Lew Nichols III,RB,PIT,0.8485087913842335
118,00-0032104,Ameer Abdullah,RB,JAX,0.6565778401035969
119,00-0040476,Ulysses Bentley IV,RB,IND,0.6015120800242233
120,00-0036569,Gary Brightwell,RB,CIN,0.5694897406283168
121,00-0037276,Ty Chandler,RB,NO,0.33249860400911047
122,00-0038396,Eric Gray,RB,NYG,0.32272136106370297
123,00-0038488,Brady Russell,RB,SEA,-0.013023222070851048
124,00-0035594,Travis Homer,RB,PIT,-0.14817085352749793
125,00-0036187,Reggie Gilliam,RB,NE,-0.3445225031230299
126,00-0036567,Elijah Mitchell,RB,PHI,-0.6748325660912213
127,00-0033376,Patrick Ricard,RB,NYG,-1.3377872406167555
1,00-0037744,Trey McBride,TE,ARI,8.149881058215502
2,00-0039338,Brock Bowers,TE,LV,7.272986389340212
3,00-0033288,George Kittle,TE,SF,7.111052345327441
4,00-0038996,Tucker Kraft,TE,GB,6.784943656053826
5,00-0039065,Sam LaPorta,TE,DET,6.778019942657604
6,00-0040663,Harold Fannin Jr.,TE,CLE,6.527209827278595
7,00-0036970,Kyle Pitts,TE,ATL,6.44504730418268
8,00-0040126,Colston Loveland,TE,CHI,6.1379738999638
9,00-0040128,Tyler Warren,TE,IND,6.132425247558061
10,00-0030506,Travis Kelce,TE,KC,5.967419097435441
11,00-0033090,Hunter Henry,TE,NE,5.701687611682789
12,00-0040189,Oronde Gadsden II,TE,LAC,5.4256206301824745
13,00-0036040,Juwan Johnson,TE,NO,5.368123755039775
14,00-0034383,Dalton Schultz,TE,HOU,5.313159875355136
15,00-0038933,Dalton Kincaid,TE,BUF,5.1250909052324705
16,00-0034351,Dallas Goedert,TE,PHI,5.011224730809208
17,00-0034753,Mark Andrews,TE,BAL,4.9151718647104365
18,00-0038935,Brenton Strange,TE,JAX,4.715295271517544
19,00-0038129,Cade Otton,TE,TB,4.548371846409506
20,00-0033885,David Njoku,TE,LAC,4.542367816253927
21,00-0035229,T.J. Hockenson,TE,MIN,4.440460162727905
22,00-0039793,AJ Barner,TE,SEA,4.366674078200741
23,00-0038041,Jake Ferguson,TE,DAL,4.345500851572158
24,00-0036894,Pat Freiermuth,TE,PIT,4.333438349707193
25,00-0039847,Theo Johnson,TE,NYG,4.181920381343992
26,00-0037809,Chig Okonkwo,TE,WAS,3.920170388179781
27,00-0040736,Mason Taylor,TE,NYJ,3.862883702563049
28,00-0033881,Evan Engram,TE,DEN,3.8622379460794773
29,00-0036290,Cole Kmet,TE,CHI,3.826122976064652
30,00-0037838,Isaiah Likely,TE,NYG,3.5995430837483355
31,00-0036244,Colby Parkinson,TE,LAR,3.5188950269283836
32,00-0037252,Greg Dulcich,TE,MIA,3.4885984691873975
33,00-0033110,Tyler Higbee,TE,LAR,3.4222970943001836
34,00-0034829,Mike Gesicki,TE,CIN,3.186412718760348
35,00-0038558,Darnell Washington,TE,PIT,3.120193501708351
36,00-0035689,Dawson Knox,TE,BUF,3.042458705426638
37,00-0037112,Jake Tonges,TE,SF,2.980602481906281
38,00-0040584,Gunnar Helm,TE,TEN,2.972158316436368
39,00-0040737,Terrance Ferguson,TE,LAR,2.9560296967276978
40,00-0035644,Noah Fant,TE,NO,2.756935339892444
41,00-0038115,Daniel Bellinger,TE,TEN,2.6940580069627718
42,00-0037005,Tommy Tremble,TE,CAR,2.6685618361394945
43,00-0036423,Albert Okwuegbunam,TE,LV,2.6283980023699622
44,00-0032392,Austin Hooper,TE,ATL,2.6073399446057324
45,00-0039066,Michael Mayer,TE,LV,2.5427664517337716
46,00-0039356,Ja'Tavion Sanders,TE,CAR,2.444313565782286
47,00-0035249,Josh Oliver,TE,MIN,2.319938090056894
48,00-0039144,Luke Musgrave,TE,GB,2.2579491707680135
49,00-0034270,Tyler Conklin,TE,DET,2.2265938536616607
50,00-0036637,Noah Gray,TE,KC,2.2249788744744654
51,00-0034613,Tanner Hudson,TE,CIN,2.059990764669994
52,00-0040187,Mitchell Evans,TE,CAR,1.9865007783864765
53,00-0039041,Elijah Higgins,TE,ARI,1.9447821150274873
54,00-0040739,Elijah Arroyo,TE,SEA,1.8817561985034035
55,00-0036422,Adam Trautman,TE,DEN,1.802544730871404
56,00-0037805,Jeremy Ruckert,TE,NYJ,1.7988597439762002
57,00-0039074,Davis Allen,TE,LAR,1.7760511903560152
58,00-0039912,Ben Sinnott,TE,WAS,1.7436811413136772
59,00-0036754,Brock Wright,TE,DET,1.726672777820296
60,00-0040194,Jackson Hawes,TE,BUF,1.6025529017726836
61,00-0038720,Julian Hill,TE,NE,1.4841530706636368
62,00-0034981,Foster Moreau,TE,HOU,1.4642792796270085
63,00-0038046,Charlie Kolar,TE,LAC,1.3839194727880062
64,00-0037282,James Mitchell,TE,CAR,1.3734828550524534
65,00-0036590,Quintin Morris,TE,JAX,1.3098416716837076
66,00-0033246,Johnny Mundt,TE,PHI,1.2771209610994536
67,00-0038394,Will Mallory,TE,IND,1.2639142326452517
68,00-0037004,Hunter Long,TE,JAX,1.2499196990569716
69,00-0035631,Drew Sample,TE,CIN,1.2462849092082788
70,00-0033217,Mo Alie-Cox,TE,IND,1.2067004410312367
71,00-0036534,Shane Zylstra,TE,BUF,1.1873716903891507
72,00-0039359,Cade Stover,TE,HOU,1.1472078485757444
73,00-0038547,Luke Schoonmaker,TE,DAL,1.138688324830716
74,00-0038809,Ben Sims,TE,MIA,1.1287009820571499
75,00-0037086,Grant Calcaterra,TE,PHI,1.103163479387303
76,00-0036628,John Bates,TE,WAS,1.0177143989898487
77,00-0037475,Stone Smartt,TE,PHI,0.9850527145183045
78,00-0039754,Devin Culp,TE,TB,0.9849416526614542
79,00-0040244,Moliki Matavao,TE,NO,0.9493094396826347
80,00-0040363,Keleki Latu,TE,BUF,0.9111584116473217
81,00-0036876,Kylen Granson,TE,TEN,0.863406919715192
82,00-0033455,Anthony Firkser,TE,WAS,0.838319721885645
83,00-0038589,Josh Whyle,TE,GB,0.8141469513126098
84,00-0038783,Nate Adkins,TE,DEN,0.8051170106248913
85,00-0034798,Durham Smythe,TE,BAL,0.7683345100812861
86,00-0037348,Tanner Conner,TE,NYG,0.7488097842806632
87,00-0034365,Ian Thomas,TE,LV,0.7458164322529971
88,00-0039050,Payne Durham,TE,TB,0.7402702574100194
89,00-0037539,Lucas Krull,TE,DEN,0.6985042725204709
90,00-0039530,Brevyn Spann-Ford,TE,DAL,0.670554966093085
91,00-0036232,Harrison Bryant,TE,SEA,0.598615858513234
92,00-0037292,Andrew Ogletree,TE,IND,0.597092276178178
93,00-0036429,Charlie Woerner,TE,ATL,0.5959729657192874
94,00-0033576,Eric Saubert,TE,SEA,0.550766549851743
95,00-0036887,Luke Farrell,TE,SF,0.5485221548491563
96,00-0036741,Jack Stoll,TE,CLE,0.5295486860635585
97,00-0039458,Brenden Bates,TE,CLE,0.5131507400666705
98,00-0037340,Zaire Mitchell-Paden,TE,NO,0.3559451762958507
99,00-0040509,Ben Yurosek,TE,MIN,0.34965321268424365
100,00-0038710,Blake Whiteheart,TE,CLE,0.34940383410039355
101,00-0039737,Tip Reiman,TE,ARI,0.3086873529385494
102,00-0039648,David Martin-Robinson,TE,TEN,0.24932143291319453
103,00-0038498,E.J. Jenkins,TE,PHI,0.12816116618960066
104,00-0039631,Cam Grandy,TE,CIN,0.10075718731811249
105,00-0040628,Drake Dabney,TE,GB,0.06187268509666882
106,00-0039824,Jared Wiley,TE,KC,0.05223379519822924
107,00-0039686,Colson Yankoff,TE,WAS,0.02906166443377356
108,00-0036825,Feleipe Franks,TE,CAR,-0.0016599766210668998
109,00-0033757,Robert Tonyan,TE,PIT,-0.0134286237681851
110,00-0038564,Cameron Latu,TE,PHI,-0.02435528844060758
111,00-0031484,Chris Manhertz,TE,NYG,-0.04964766531301684
112,00-0037755,Jelani Woods,TE,NYJ,-0.055042104461577174
113,00-0037277,Teagan Quitoriano,TE,ARI,-0.07552311571873682
114,00-0040225,Thomas Fidone II,TE,NYG,-0.09633890476634421
115,00-0040058,Nick Kallerup,TE,SEA,-0.18963771453696546
116,00-0037311,Ko Kieft,TE,TB,-0.20024644047175905
117,00-0038643,Brayden Willis,TE,SF,-0.3227120001919761
118,00-0038735,Princeton Fant,TE,DAL,-0.35977837329627627
119,00-0039489,Hayden Rucci,TE,SF,-0.39512559831821964
120,00-0037031,Nikola Kalinic,TE,CHI,-0.5929849595300302
121,00-0040488,Carter Runyon,TE,LV,-0.6095476977041335
1,00-0039075,Puka Nacua,WR,LAR,12.71242558458011
2,00-0038543,Jaxon Smith-Njigba,WR,SEA,11.731319218832414
3,00-0036900,Ja'Marr Chase,WR,CIN,11.528618272587744
4,00-0036963,Amon-Ra St. Brown,WR,DET,10.976638853298038
5,00-0036358,CeeDee Lamb,WR,DAL,10.142164842761744
6,00-0037238,Drake London,WR,ATL,9.699024301489425
7,00-0037247,George Pickens,WR,DAL,9.630764222559947
8,00-0039337,Malik Nabers,WR,NYG,9.553002548994137
9,00-0036554,Nico Collins,WR,HOU,9.175754059564298
10,00-0039064,Zay Flowers,WR,BAL,8.955716295791413
11,00-0040124,Tetairoa McMillan,WR,CAR,8.836650187679874
12,00-0037239,Chris Olave,WR,NO,8.815020316807209
13,00-0035676,A.J. Brown,WR,NE,8.654292137734718
14,00-0039067,Rashee Rice,WR,KC,8.367257016906702
15,00-0036322,Justin Jefferson,WR,MIN,8.285678928882302
16,00-0040129,Emeka Egbuka,WR,TB,8.12101984216901
17,00-0037240,Jameson Williams,WR,DET,8.038403523851963
18,00-0037740,Garrett Wilson,WR,NYJ,7.98504070442403
19,00-0036410,Tee Higgins,WR,CIN,7.836972708460093
20,00-0039915,Ladd McConkey,WR,LAC,7.803866208383047
21,00-0036912,DeVonta Smith,WR,PHI,7.716482515297365
22,00-0031381,Davante Adams,WR,LAR,7.679677369713496
23,00-0039893,Brian Thomas Jr.,WR,JAX,7.664629030518485
24,00-0038117,Wan'Dale Robinson,WR,TEN,7.62614889005383
25,00-0039919,Rome Odunze,WR,CHI,7.546936547265136
26,00-0038544,Quentin Johnston,WR,LAC,7.5151349039594155
27,00-0037664,Alec Pierce,WR,IND,7.40430581118396
28,00-0039849,Marvin Harrison Jr.,WR,ARI,7.231601416777029
29,00-0036613,Jaylen Waddle,WR,DEN,7.218003261740428
30,00-0038124,Christian Watson,WR,GB,7.153252523010793
31,00-0034348,Courtland Sutton,WR,DEN,7.043866579450059
32,00-0035640,DK Metcalf,WR,PIT,7.008765848857941
33,00-0038559,Michael Wilson,WR,ARI,6.995755531120842
34,00-0034960,Jakobi Meyers,WR,JAX,6.693338512838955
35,00-0039894,Xavier Worthy,WR,KC,6.609810171301877
36,00-0040735,Luther Burden III,WR,CHI,6.605095951426723
37,00-0031408,Mike Evans,WR,SF,6.550932701322832
38,00-0038994,Jordan Addison,WR,MIN,6.544663494850833
39,00-0039146,Jayden Reed,WR,GB,6.473085065778496
40,00-0037261,Khalil Shakir,WR,BUF,6.403065790106069
41,00-0038606,Parker Washington,WR,JAX,6.355313627025344
42,00-0037816,Romeo Doubs,WR,NE,6.303661057614809
43,00-0036252,Michael Pittman,WR,PIT,6.222103589516191
44,00-0035659,Terry McLaurin,WR,WAS,6.11819334069379
45,00-0039916,Ricky Pearsall,WR,SF,6.110323238819262
46,00-0038997,Josh Downs,WR,IND,6.096073163540701
47,00-0034827,DJ Moore,WR,BUF,5.999117158710446
48,00-0039901,Keon Coleman,WR,BUF,5.879485545177431
49,00-0040311,Theo Wease Jr.,WR,MIA,5.870447166774938
50,00-0039868,Troy Franklin,WR,DEN,5.854042309958347
51,00-0040170,Elic Ayomanor,WR,TEN,5.693779198792926
52,00-0040130,Jayden Higgins,WR,HOU,5.6896122033950665
53,00-0039855,Jalen McMillan,WR,TB,5.579729526123748
54,00-0037545,Rashid Shaheed,WR,SEA,5.422396940191957
55,00-0033921,Chris Godwin Jr.,WR,TB,5.350973969158895
56,00-0039491,Jalen Coker,WR,CAR,5.339221405402495
57,00-0038563,Tre Tucker,WR,LV,5.143179954888932
58,00-0038608,Kayshon Boutte,WR,NE,5.137358332342969
59,00-0036407,Jerry Jeudy,WR,CLE,5.1287160738862285
60,00-0034837,Calvin Ridley,WR,TEN,4.97670557622959
61,00-0036259,Jauan Jennings,WR,MIN,4.953349236058589
62,00-0033908,Cooper Kupp,WR,SEA,4.8837395787003555
63,00-0040648,Tory Horton,WR,SEA,4.754993890184132
64,00-0040705,Chimere Dike,WR,TEN,4.738682833770549
65,00-0039890,Adonai Mitchell,WR,NYJ,4.725262025960067
66,00-0038621,DeMario Douglas,WR,NE,4.527320714329852
67,00-0038393,Dontayvion Wicks,WR,PHI,4.464745347722343
68,00-0040237,Tez Johnson,WR,TB,4.452486447786438
69,00-0040667,Matthew Golden,WR,GB,4.401037551053954
70,00-0040134,Pat Bryant,WR,DEN,4.397873775271982
71,00-0035662,Marquise Brown,WR,PHI,4.389974593421103
72,00-0039342,Xavier Legette,WR,CAR,4.387439369571041
73,00-0038679,Tyrell Shavers,WR,BUF,4.30310357588666
74,00-0035535,Darius Slayton,WR,NYG,4.203228123422259
75,00-0038976,Marvin Mims Jr.,WR,DEN,4.134266063446981
76,00-0036309,Darnell Mooney,WR,NYG,4.0790920150151795
77,00-0038619,Andrei Iosivas,WR,CIN,3.9569500443275114
78,00-0040669,Isaac TeSlaa,WR,DET,3.8917341722225887
79,00-0036988,Josh Palmer,WR,BUF,3.844666776829904
80,00-0039424,Devaughn Vele,WR,NO,3.836333110070799
81,00-0039410,Ryan Flournoy,WR,DAL,3.8102932893936465
82,00-0033307,Kendrick Bourne,WR,ARI,3.7711273817247077
83,00-0037837,Calvin Austin III,WR,NYG,3.717643068715193
84,00-0039880,Malik Washington,WR,MIA,3.650651136553096
85,00-0040782,Isaiah Bond,WR,CLE,3.6052181185968117
86,00-0040138,Jaylin Noel,WR,HOU,3.582413133290817
87,00-0040727,Tre Harris,WR,LAC,3.575495971251482
88,00-0036550,Rashod Bateman,WR,BAL,3.517288124735254
89,00-0033555,Mack Hollins,WR,NE,3.4974301771564935
90,00-0038104,Tyquan Thornton,WR,KC,3.49245557714273
91,00-0038618,Xavier Hutchinson,WR,HOU,3.3577890388740297
92,00-0034775,Christian Kirk,WR,SF,3.349412204926852
93,00-0040131,Kyle Williams,WR,NE,3.312578324607578
94,00-0037614,John Metchie III,WR,CAR,3.2376550986992165
95,00-0037801,KaVontae Turpin,WR,DAL,3.202942638003964
96,00-0037231,Kevin Austin Jr.,WR,NO,3.1800318837174912
97,00-0039739,Roman Wilson,WR,PIT,3.152807619323695
98,00-0036849,Tutu Atwell,WR,MIA,3.1504232718310226
99,00-0035208,Olamide Zaccheaus,WR,ATL,3.120654801080642
100,00-0040277,Jahdae Walker,WR,CHI,3.05635788975209
101,00-0038979,Cedric Tillman,WR,CLE,2.9050346123860065
102,00-0037741,Jahan Dotson,WR,ATL,2.851298137740228
103,00-0036427,Tyler Johnson,WR,DAL,2.8276790919933537
104,00-0040522,Xavier Restrepo,WR,TEN,2.812408386675141
105,00-0039792,Devontez Walker,WR,BAL,2.7907421297374957
106,00-0040218,Jimmy Horn Jr.,WR,CAR,2.778363627519459
107,00-0032775,Demarcus Robinson,WR,SF,2.739084471393522
108,00-0037666,Jalen Tolbert,WR,MIA,2.730682106807639
109,00-0037291,Jalen Nailor,WR,LV,2.7267711673199093
110,00-0040317,Jacoby Jones,WR,WAS,2.5755161669548468
111,00-0035406,Lil'Jordan Humphrey,WR,DEN,2.494310597338209
112,00-0039355,Luke McCaffrey,WR,WAS,2.4392318597388267
113,00-0038496,Xavier Gipson,WR,NYG,2.4170021108252335
114,00-0036626,Dyami Brown,WR,WAS,2.38547515138397
115,00-0039451,Isaiah Williams,WR,NYJ,2.3825208155613424
116,00-0040729,Jack Bech,WR,LV,2.3364349717845534
117,00-0040009,Savion Williams,WR,GB,2.336314986867303
118,00-0040164,Jaylin Lane,WR,WAS,2.3300689414317386
119,00-0039884,Tahj Washington,WR,MIA,2.324276225997115
120,00-0038839,Mitchell Tinsley,WR,CIN,2.3155418223070576
121,00-0035500,Greg Dortch,WR,DET,2.30206064899473
122,00-0033857,JuJu Smith-Schuster,WR,NYG,2.298078921557161
123,00-0040590,Konata Mumpfield,WR,LAR,2.254061136993801
124,00-0036980,Elijah Moore,WR,PHI,2.253074296675804
125,00-0040352,Coleman Owen,WR,IND,2.2416716784637485
126,00-0039751,Jordan Whittington,WR,LAR,2.1554322854173575
127,00-0038647,Ronnie Bell,WR,NO,2.0065192640165006
128,00-0032464,Kalif Raymond,WR,CHI,1.992094174375815
129,00-0036165,Isaiah Hodgins,WR,NYG,1.977207531126279
130,00-0040024,Darius Cooper,WR,PHI,1.9631152333567998
131,00-0036182,Nick Westbrook-Ikhine,WR,IND,1.9507863644447427
132,00-0038728,Jared Wayne,WR,HOU,1.897283602643391
133,00-0039920,Malachi Corley,WR,CLE,1.86328955889431
134,00-0039394,Casey Washington,WR,ATL,1.8405843808067446
135,00-0033375,Tim Patrick,WR,NYJ,1.8163308576197537
136,00-0040563,Efton Chism III,WR,NE,1.7706479560140296
137,00-0040388,Jakobie Keeney-James,WR,PIT,1.7668389110145606
138,00-0040581,Dont'e Thornton Jr.,WR,LV,1.7405682765988884
139,00-0035359,David Sills,WR,TB,1.7139292781738136
140,00-0034272,Marquez Valdes-Scantling,WR,DAL,1.7078911409956556
141,00-0036415,Van Jefferson,WR,WAS,1.7032379138256517
142,00-0040172,Jordan Watkins,WR,SF,1.6782246532959193
143,00-0040184,KeAndre Lambert-Smith,WR,LAC,1.6724380757346795
144,00-0038640,Jalen Brooks,WR,ARI,1.647943652450064
145,00-0038359,Xavier Smith,WR,LAR,1.6128663980066635
146,00-0038938,Jalin Hyatt,WR,NYG,1.6003326139015375
147,00-0036959,Michael Bandy,WR,DEN,1.5455650928924287
148,00-0037742,Treylon Burks,WR,WAS,1.518442022465869
149,00-0039589,Kameron Johnson,WR,TB,1.5021719181204523
150,00-0040259,Gage Larvadain,WR,CLE,1.4695709683812348
151,00-0039623,Mason Tipton,WR,NO,1.4683705575121517
152,00-0038891,Shedrick Jackson,WR,LV,1.4570654600175255
153,00-0040582,Arian Smith,WR,NYJ,1.4185495695330639
154,00-0039062,Jonathan Mingo,WR,DAL,1.4107282472758529
155,00-0040432,Beaux Collins,WR,NYG,1.3018315104463722
156,00-0038824,Ryan Miller,WR,NYG,1.2216383983408763
157,00-0040534,Ke'Shawn Williams,WR,CIN,1.2087738209415404
158,00-0038840,Brycen Tremayne,WR,CAR,1.2022252469296957
159,00-0038090,Skyy Moore,WR,GB,1.1603487265005983
160,00-0035140,Mecole Hardman,WR,BUF,1.1542843619435752
161,00-0035891,Cody White,WR,SEA,1.1306420345180532
162,00-0034386,Justin Watson,WR,HOU,1.0936164520799352
163,00-0035021,Ashton Dulin,WR,IND,1.08995352771547
164,00-0038573,Derius Davis,WR,LAC,1.046435698076424
165,00-0039379,Jamari Thrash,WR,CLE,1.0459262328229988
166,00-0038953,Dylan Drummond,WR,ATL,0.953170529182322
167,00-0040241,Dominic Lovett,WR,DET,0.946413518885258
168,00-0035298,Scott Miller,WR,CHI,0.9333825938575977
169,00-0039521,Xavier Weaver,WR,ARI,0.8965631676714754
170,00-0040646,Jalen Royals,WR,KC,0.8510752628997746
171,00-0040075,LaJohntay Wester,WR,BAL,0.8488566230834991
172,00-0034418,Cedrick Wilson Jr.,WR,DET,0.8179214679702911
173,00-0036841,Austin Trammell,WR,JAX,0.8118662451779004
174,00-0040154,Tai Felton,WR,MIN,0.8000027806770555
175,00-0035645,Gunner Olszewski,WR,NYG,0.7653777214175363
176,00-0037098,Samori Toure,WR,PHI,0.5888426349847817
177,00-0038519,Nikko Remigio,WR,KC,0.5848457391940771
178,00-0039816,Anthony Gould,WR,IND,0.5725517362435939
179,00-0038752,Jake Bobo,WR,SEA,0.5606031215510905
180,00-0036331,Devin Duvernay,WR,ARI,0.4882611654426112
181,00-0036630,Tylan Wallace,WR,CLE,0.42166178166692436
182,00-0036862,Ben Skowronek,WR,PIT,0.41669235237311053
183,00-0039650,Bryce Oliver,WR,TEN,0.39366569993143496
184,00-0040506,Myles Price,WR,MIN,0.3674896565206849
185,00-0036497,Tim Jones,WR,JAX,0.3491793803171577
186,00-0034419,Braxton Berrios,WR,NYG,0.3322668954961001
187,00-0036176,Mason Kinsey,WR,TEN,0.21278426575147869
188,00-0040406,Quentin Skinner,WR,NYJ,0.19800376121312002
189,00-0033589,David Moore,WR,CAR,0.13774153915332032
190,00-0038492,Jason Brownlee,WR,KC,0.06496709777984133
191,00-0037132,Britain Covey,WR,PHI,0.03261672246311331
192,00-0038576,Charlie Jones,WR,CIN,0.007057542197078881
193,00-0034487,Trent Sherfield,WR,BUF,-0.10781022985027189
194,00-0040629,Dalevon Campbell,WR,LAC,-0.1357424879101332
195,00-0036646,Simi Fehoko,WR,ARI,-0.1535915234924916
196,00-0038911,Malik Cunningham,WR,DET,-0.16642882308518114
197,00-0040431,Dalen Cambre,WR,NYG,-0.18821074405139537
198,00-0035544,Tom Kennedy,WR,DET,-0.21177596959305944
199,00-0037093,Dareke Young,WR,LV,-0.37653540464358315
200,00-0039710,Jeshaun Jones,WR,MIN,-0.4366295715319497
201,00-0034867,Malik Turner,WR,SF,-0.5739106167226184
202,00-0036463,Chris Blair,WR,ATL,-0.9443477899834543
203,00-0032951,Laquon Treadwell,WR,IND,-1.1069754693695621
